,CalYear,DelaiIntervention
0,2017,348.8184204279562
1,2018,350.229997908278
2,2019,350.62783480389294
3,2020,338.66100098843265
4,2021,348.4254039004249
5,2022,356.0293997755231
