,IncidentGroup,DelaiIntervention
0,False Alarm,349.8367655283225
1,Fire,365.040632080472
2,Special Service,333.5526682403932
